ID|Date|Company|Title|Location|Description|Sub descriptions|Link
|2021-10-29|LBMC|Cybersecurity Analyst|Nashville, TN|error|['error']|https://www.linkedin.com/jobs/view/cybersecurity-analyst-at-lbmc-2809742719?refId=k8gDsNeGEoPrjm0LBHimcw%3D%3D&trackingId=yqrqLV3pyWi8vkSCLcXTKw%3D%3D&position=1&pageNum=0&trk=public_jobs_jserp-result_search-card
|2021-11-18|Vanderbilt University Medical Center|Threat Detection & Response Analyst|Nashville, TN|error|['error']|https://www.linkedin.com/jobs/view/threat-detection-response-analyst-at-vanderbilt-university-medical-center-2804388777?refId=k8gDsNeGEoPrjm0LBHimcw%3D%3D&trackingId=WzEWvQCZkV8qohFZH06nbQ%3D%3D&position=2&pageNum=0&trk=public_jobs_jserp-result_search-card
|2021-11-25|Belle|Information Security Analyst|Nashville, TN|error|['error']|https://www.linkedin.com/jobs/view/information-security-analyst-at-belle-2812398304?refId=k8gDsNeGEoPrjm0LBHimcw%3D%3D&trackingId=AfZqAbsra6Q6PoBzm3uKtg%3D%3D&position=3&pageNum=0&trk=public_jobs_jserp-result_search-card
|2021-10-28|Vanderbilt University Medical Center|Network Security Analyst|Nashville, TN|error|['error']|https://www.linkedin.com/jobs/view/network-security-analyst-at-vanderbilt-university-medical-center-2809350119?refId=k8gDsNeGEoPrjm0LBHimcw%3D%3D&trackingId=gN%2FKTes3eENdGnmu9WVXuA%3D%3D&position=4&pageNum=0&trk=public_jobs_jserp-result_search-card
|2021-11-18|RevSpring|Information Security Analyst|Antioch, TN|error|['error']|https://www.linkedin.com/jobs/view/information-security-analyst-at-revspring-2804722714?refId=k8gDsNeGEoPrjm0LBHimcw%3D%3D&trackingId=NhxoW66HmDJ5XHuw5iu9Nw%3D%3D&position=5&pageNum=0&trk=public_jobs_jserp-result_search-card
|2021-10-25|Monogram Health|Information Technology Security Analyst|Nashville, TN|error|['error']|https://www.linkedin.com/jobs/view/information-technology-security-analyst-at-monogram-health-2767009526?refId=k8gDsNeGEoPrjm0LBHimcw%3D%3D&trackingId=6qIYbPnh4DsVBb21KoXJHA%3D%3D&position=6&pageNum=0&trk=public_jobs_jserp-result_search-card
|2021-10-25|Aegis Sciences Corporation|IT Desktop Support Technician|Nashville, TN|error|['error']|https://www.linkedin.com/jobs/view/it-desktop-support-technician-at-aegis-sciences-corporation-2805582437?refId=k8gDsNeGEoPrjm0LBHimcw%3D%3D&trackingId=%2Boe73zo0ODVDyu0T9Eo7kw%3D%3D&position=7&pageNum=0&trk=public_jobs_jserp-result_search-card
|2021-10-28|VMware|Threat Analyst I - Opportunity for Working Remotely|Nashville, TN|error|['error']|https://www.linkedin.com/jobs/view/threat-analyst-i-opportunity-for-working-remotely-at-vmware-2804406919?refId=k8gDsNeGEoPrjm0LBHimcw%3D%3D&trackingId=ExPvON0OEFgol6u%2F%2BFnKow%3D%3D&position=8&pageNum=0&trk=public_jobs_jserp-result_search-card
|2021-11-13|Community Health Systems|Associate Security Engineer|Franklin, TN|error|['error']|https://www.linkedin.com/jobs/view/associate-security-engineer-at-community-health-systems-2796575154?refId=k8gDsNeGEoPrjm0LBHimcw%3D%3D&trackingId=90z9ktJ9LaxR0nQ55MnMwg%3D%3D&position=9&pageNum=0&trk=public_jobs_jserp-result_search-card
|2021-11-25|VMware|Threat Response Analyst - Opportunity for Working Remotely|Nashville, TN|error|['error']|https://www.linkedin.com/jobs/view/threat-response-analyst-opportunity-for-working-remotely-at-vmware-2807448038?refId=k8gDsNeGEoPrjm0LBHimcw%3D%3D&trackingId=zGyCvy3KBnptaM46mGqnDQ%3D%3D&position=10&pageNum=0&trk=public_jobs_jserp-result_search-card
|2021-10-25|Vanderbilt University|Security Systems Technician, Public Safety|Nashville, TN|error|['error']|https://www.linkedin.com/jobs/view/security-systems-technician-public-safety-at-vanderbilt-university-2805745986?refId=k8gDsNeGEoPrjm0LBHimcw%3D%3D&trackingId=NAzZ0tQlWDh%2BxBjjadWeGw%3D%3D&position=11&pageNum=0&trk=public_jobs_jserp-result_search-card
|2021-11-13|Community Health Systems|Associate Security Engineer - Incident Response|Franklin, TN|error|['error']|https://www.linkedin.com/jobs/view/associate-security-engineer-incident-response-at-community-health-systems-2798271369?refId=k8gDsNeGEoPrjm0LBHimcw%3D%3D&trackingId=n2Gu9NdDAZv1RUYl7YMrYQ%3D%3D&position=12&pageNum=0&trk=public_jobs_jserp-result_search-card
|2021-11-03|MatchPoint Solutions|Threat Detection & Response Analyst|Nashville, TN|error|['error']|https://www.linkedin.com/jobs/view/threat-detection-response-analyst-at-matchpoint-solutions-2784822460?refId=k8gDsNeGEoPrjm0LBHimcw%3D%3D&trackingId=Q7O9rjGLJSFBPgBUeYlRGQ%3D%3D&position=13&pageNum=0&trk=public_jobs_jserp-result_search-card
|2021-11-03|Fiserv|Security Operations Specialist|Nashville, TN|error|['error']|https://www.linkedin.com/jobs/view/security-operations-specialist-at-fiserv-2812087690?refId=k8gDsNeGEoPrjm0LBHimcw%3D%3D&trackingId=GL%2FlSuAWZxQ47GleYfOIkw%3D%3D&position=14&pageNum=0&trk=public_jobs_jserp-result_search-card
|2021-10-03|Vanderbilt University Medical Center|Network Security Analyst|Nashville, TN|error|['error']|https://www.linkedin.com/jobs/view/network-security-analyst-at-vanderbilt-university-medical-center-2777728934?refId=k8gDsNeGEoPrjm0LBHimcw%3D%3D&trackingId=0CO7DifKUymtuH1%2Bsdiwrw%3D%3D&position=15&pageNum=0&trk=public_jobs_jserp-result_search-card
|2021-11-23|MindCare Solutions|IT Support Specialist|Brentwood, TN|error|['error']|https://www.linkedin.com/jobs/view/it-support-specialist-at-mindcare-solutions-2809746044?refId=k8gDsNeGEoPrjm0LBHimcw%3D%3D&trackingId=XoidIwTwDY%2F%2BSjcSkD3OLw%3D%3D&position=16&pageNum=0&trk=public_jobs_jserp-result_search-card
|2021-11-17|U.S. Bank|Information Security Risk & Compliance Integrated Testing & Assessments - Remote|Nashville, TN|error|['error']|https://www.linkedin.com/jobs/view/information-security-risk-compliance-integrated-testing-assessments-remote-at-u-s-bank-2802979383?refId=k8gDsNeGEoPrjm0LBHimcw%3D%3D&trackingId=MSCcd%2F%2FiVGY9LoBwtrVNzg%3D%3D&position=17&pageNum=0&trk=public_jobs_jserp-result_search-card
|2021-11-07|Asurion|Information Security Analyst|Nashville, TN|error|['error']|https://www.linkedin.com/jobs/view/information-security-analyst-at-asurion-2754820836?refId=k8gDsNeGEoPrjm0LBHimcw%3D%3D&trackingId=2T2G%2B4yW0o9AaTHN3GTDLQ%3D%3D&position=18&pageNum=0&trk=public_jobs_jserp-result_search-card
|2021-11-09|Facebook|Security Analyst - Access Management|Nashville, TN|error|['error']|https://www.linkedin.com/jobs/view/security-analyst-access-management-at-facebook-2802077896?refId=k8gDsNeGEoPrjm0LBHimcw%3D%3D&trackingId=cDBE0dlmAJ%2Fy2qonG1at9A%3D%3D&position=19&pageNum=0&trk=public_jobs_jserp-result_search-card
|2021-11-16|U.S. Retirement & Benefits Partners|Technical Support Analyst|Brentwood, TN|error|['error']|https://www.linkedin.com/jobs/view/technical-support-analyst-at-u-s-retirement-benefits-partners-2801418370?refId=k8gDsNeGEoPrjm0LBHimcw%3D%3D&trackingId=BClqdS7vP51aAg3vX4GXDQ%3D%3D&position=20&pageNum=0&trk=public_jobs_jserp-result_search-card
|2021-11-20|VMware|Threat Response Analyst - Opportunity for Working Remotely|Nashville, TN|error|['error']|https://www.linkedin.com/jobs/view/threat-response-analyst-opportunity-for-working-remotely-at-vmware-2801633642?refId=k8gDsNeGEoPrjm0LBHimcw%3D%3D&trackingId=CDE6GwZLWsQBLeYt4XDUqQ%3D%3D&position=21&pageNum=0&trk=public_jobs_jserp-result_search-card
|2021-10-28|BNY Mellon|Cyber Security Analyst - Vulnerability Management|Nashville, TN|error|['error']|https://www.linkedin.com/jobs/view/cyber-security-analyst-vulnerability-management-at-bny-mellon-2789875584?refId=k8gDsNeGEoPrjm0LBHimcw%3D%3D&trackingId=rJyMbh3hZi9NS%2BOz773NSA%3D%3D&position=22&pageNum=0&trk=public_jobs_jserp-result_search-card
|2021-10-08|Change Healthcare|Incident Management Analyst|Nashville, TN|error|['error']|https://www.linkedin.com/jobs/view/incident-management-analyst-at-change-healthcare-2780331012?refId=k8gDsNeGEoPrjm0LBHimcw%3D%3D&trackingId=hDOvg54p9Vrrbksd8agOFg%3D%3D&position=23&pageNum=0&trk=public_jobs_jserp-result_search-card
|2021-11-17|LBMC|Cyber Risk Consultant (Multiple Roles Available)|Nashville, TN|error|['error']|https://www.linkedin.com/jobs/view/cyber-risk-consultant-multiple-roles-available-at-lbmc-2795978549?refId=k8gDsNeGEoPrjm0LBHimcw%3D%3D&trackingId=bIUSo9BTugyrTj862KJaEw%3D%3D&position=24&pageNum=0&trk=public_jobs_jserp-result_search-card
|2021-10-30|Johnson Business Technology Solutions, Inc.|Helpdesk Technician|Brentwood, TN|error|['error']|https://www.linkedin.com/jobs/view/helpdesk-technician-at-johnson-business-technology-solutions-inc-2779764477?refId=k8gDsNeGEoPrjm0LBHimcw%3D%3D&trackingId=0d6M%2B%2BlHSPtvfDpsOGvD0w%3D%3D&position=25&pageNum=0&trk=public_jobs_jserp-result_search-card
|2021-11-24|Paychex|Security Analyst II|Nashville, TN|error|['error']|https://www.linkedin.com/jobs/view/security-analyst-ii-at-paychex-2811313387?refId=Kqjv4ghilw7DUfikItfIPA%3D%3D&trackingId=JyBkf2dLwT40cK9XEjFl0A%3D%3D&position=1&pageNum=1&trk=public_jobs_jserp-result_search-card
|2021-11-11|Payscale|Senior Information Security Analyst|Nashville, TN|error|['error']|https://www.linkedin.com/jobs/view/senior-information-security-analyst-at-payscale-2788339827?refId=Kqjv4ghilw7DUfikItfIPA%3D%3D&trackingId=8Pzb9PTvtP5JPdIzB0nAIA%3D%3D&position=2&pageNum=1&trk=public_jobs_jserp-result_search-card
|2021-11-08|Mohawk Industries|Cybersecurity Analyst Intern - Summer 2022 (USA Nashville TN SSC #112 (L03, Tennessee, United States, 37011)|Antioch, TN|error|['error']|https://www.linkedin.com/jobs/view/cybersecurity-analyst-intern-summer-2022-usa-nashville-tn-ssc-%23112-l03-tennessee-united-states-37011-at-mohawk-industries-2784490103?refId=Kqjv4ghilw7DUfikItfIPA%3D%3D&trackingId=9cehLpqJVrTdFlUiklIytQ%3D%3D&position=3&pageNum=1&trk=public_jobs_jserp-result_search-card
|2021-11-09|Nashville Symphony|Security Manager|Nashville, TN|error|['error']|https://www.linkedin.com/jobs/view/security-manager-at-nashville-symphony-2792146899?refId=Kqjv4ghilw7DUfikItfIPA%3D%3D&trackingId=h3dyp8a%2Bs5wmZUq437%2FzuA%3D%3D&position=4&pageNum=1&trk=public_jobs_jserp-result_search-card
|2021-11-22|TEKsystems|Network Security Analyst|Nashville, TN|error|['error']|https://www.linkedin.com/jobs/view/network-security-analyst-at-teksystems-2809764700?refId=Kqjv4ghilw7DUfikItfIPA%3D%3D&trackingId=cLvNPJiHfg8FKh%2Bgh2dOOg%3D%3D&position=5&pageNum=1&trk=public_jobs_jserp-result_search-card
|2021-10-31|Deloitte|Cyber Data Protection Analyst|Nashville, TN|error|['error']|https://www.linkedin.com/jobs/view/cyber-data-protection-analyst-at-deloitte-2813226405?refId=Kqjv4ghilw7DUfikItfIPA%3D%3D&trackingId=TZfGx%2FWibyfcvuWxw0lfBQ%3D%3D&position=6&pageNum=1&trk=public_jobs_jserp-result_search-card
|2021-10-05|Dollar General|INFORMATION SECURITY ANALYST|Goodlettsville, TN|error|['error']|https://www.linkedin.com/jobs/view/information-security-analyst-at-dollar-general-2774804458?refId=Kqjv4ghilw7DUfikItfIPA%3D%3D&trackingId=Qaekp5fgDNlD%2Bb42wyjPLg%3D%3D&position=7&pageNum=1&trk=public_jobs_jserp-result_search-card
|2021-11-18|TEKsystems|Network Security Analyst|Nashville, TN|error|['error']|https://www.linkedin.com/jobs/view/network-security-analyst-at-teksystems-2805720913?refId=Kqjv4ghilw7DUfikItfIPA%3D%3D&trackingId=UA9gYWHjr3Kvh3r5HkBbhg%3D%3D&position=8&pageNum=1&trk=public_jobs_jserp-result_search-card
|2021-11-23|Buyers Edge Platform|IT Support Specialist|Hendersonville, TN|error|['error']|https://www.linkedin.com/jobs/view/it-support-specialist-at-buyers-edge-platform-2807504623?refId=Kqjv4ghilw7DUfikItfIPA%3D%3D&trackingId=crurxnZUJ3eqMFEQ7VYKNQ%3D%3D&position=9&pageNum=1&trk=public_jobs_jserp-result_search-card
|2021-11-19|TEKsystems|Network Security Analyst|Nashville, TN|error|['error']|https://www.linkedin.com/jobs/view/network-security-analyst-at-teksystems-2806752817?refId=Kqjv4ghilw7DUfikItfIPA%3D%3D&trackingId=%2B16dQyNs9I%2BijCBG1njfHQ%3D%3D&position=10&pageNum=1&trk=public_jobs_jserp-result_search-card
|2021-11-18|TEKsystems|Network Security Analyst|Nashville, TN|error|['error']|https://www.linkedin.com/jobs/view/network-security-analyst-at-teksystems-2805371293?refId=Kqjv4ghilw7DUfikItfIPA%3D%3D&trackingId=ElbRcrJfeR1Cu0yH4eOe0w%3D%3D&position=11&pageNum=1&trk=public_jobs_jserp-result_search-card
|2021-11-24|Paychex|Security Analyst II|Nashville, TN|error|['error']|https://www.linkedin.com/jobs/view/security-analyst-ii-at-paychex-2811336530?refId=Kqjv4ghilw7DUfikItfIPA%3D%3D&trackingId=XWGEW75BxN%2FfVoOF5iGnAA%3D%3D&position=12&pageNum=1&trk=public_jobs_jserp-result_search-card
|2021-11-11|Harvey Nash USA|Network Security Analyst|Nashville, TN|error|['error']|https://www.linkedin.com/jobs/view/network-security-analyst-at-harvey-nash-usa-2795293416?refId=Kqjv4ghilw7DUfikItfIPA%3D%3D&trackingId=5LgbBPJynuD8IQYxKIPLZw%3D%3D&position=13&pageNum=1&trk=public_jobs_jserp-result_search-card
|2021-11-11|LBMC|Cyber Security Staff Consultant|Nashville, TN|error|['error']|https://www.linkedin.com/jobs/view/cyber-security-staff-consultant-at-lbmc-2790380657?refId=Kqjv4ghilw7DUfikItfIPA%3D%3D&trackingId=uYXSUlgWqVi98AmRoi9p6Q%3D%3D&position=14&pageNum=1&trk=public_jobs_jserp-result_search-card
|2021-10-31|Deloitte|Cyber Data Protection Analyst|Hermitage, TN|error|['error']|https://www.linkedin.com/jobs/view/cyber-data-protection-analyst-at-deloitte-2813230030?refId=Kqjv4ghilw7DUfikItfIPA%3D%3D&trackingId=iaLVZfPATrvcKQYkonw67w%3D%3D&position=15&pageNum=1&trk=public_jobs_jserp-result_search-card
|2021-11-23|Alltech|Desktop Support Technician (Contract)|Nashville, TN|error|['error']|https://www.linkedin.com/jobs/view/desktop-support-technician-contract-at-alltech-2811159891?refId=Kqjv4ghilw7DUfikItfIPA%3D%3D&trackingId=WQcCMIKoo9G5Kl%2BfzA0aCQ%3D%3D&position=16&pageNum=1&trk=public_jobs_jserp-result_search-card
|2021-10-08|Meharry Medical College|Information Security Specialist|Nashville, TN|error|['error']|https://www.linkedin.com/jobs/view/information-security-specialist-at-meharry-medical-college-2783387224?refId=Kqjv4ghilw7DUfikItfIPA%3D%3D&trackingId=01KPe8Dtkke2h%2F0lXLGoeA%3D%3D&position=17&pageNum=1&trk=public_jobs_jserp-result_search-card
|2021-11-10|CereCore|Information Security Remediation Analyst|Nashville, TN|error|['error']|https://www.linkedin.com/jobs/view/information-security-remediation-analyst-at-cerecore-2792257561?refId=Kqjv4ghilw7DUfikItfIPA%3D%3D&trackingId=vmskWeeDGgpw6L8397csSA%3D%3D&position=18&pageNum=1&trk=public_jobs_jserp-result_search-card
|2021-10-28|StaffSource|Manager of Information Security|Nashville, TN|error|['error']|https://www.linkedin.com/jobs/view/manager-of-information-security-at-staffsource-2798867705?refId=Kqjv4ghilw7DUfikItfIPA%3D%3D&trackingId=dma5fBj0H0u6ixxt13t92w%3D%3D&position=19&pageNum=1&trk=public_jobs_jserp-result_search-card
|2021-11-03|Episode Solutions|Security Analyst|Nashville, TN|error|['error']|https://www.linkedin.com/jobs/view/security-analyst-at-episode-solutions-2777279258?refId=Kqjv4ghilw7DUfikItfIPA%3D%3D&trackingId=LLvdWCHbkF%2B5L%2BWp8tvbhg%3D%3D&position=20&pageNum=1&trk=public_jobs_jserp-result_search-card
|2021-11-17|Deloitte|Cybersecurity Compliance and Governance Analyst|Hermitage, TN|error|['error']|https://www.linkedin.com/jobs/view/cybersecurity-compliance-and-governance-analyst-at-deloitte-2801807236?refId=Kqjv4ghilw7DUfikItfIPA%3D%3D&trackingId=9xjN%2FIB%2BI5ObM5cXb2oxNw%3D%3D&position=21&pageNum=1&trk=public_jobs_jserp-result_search-card
|2021-11-19|Logo Brands|Information Technology Support Specialist|Franklin, TN|error|['error']|https://www.linkedin.com/jobs/view/information-technology-support-specialist-at-logo-brands-2805635739?refId=Kqjv4ghilw7DUfikItfIPA%3D%3D&trackingId=DQWmBiVKpkov7KTpSEi9hQ%3D%3D&position=22&pageNum=1&trk=public_jobs_jserp-result_search-card
|2021-10-17|Change Healthcare|Information Security Engineer|Nashville, TN|error|['error']|https://www.linkedin.com/jobs/view/information-security-engineer-at-change-healthcare-2790071817?refId=Kqjv4ghilw7DUfikItfIPA%3D%3D&trackingId=BADQ3%2F1os%2Bua2amiueAbJQ%3D%3D&position=23&pageNum=1&trk=public_jobs_jserp-result_search-card
|2021-11-19|CDW|Associate Consulting Engineer - Network Security|Nashville, TN|error|['error']|https://www.linkedin.com/jobs/view/associate-consulting-engineer-network-security-at-cdw-2805562729?refId=Kqjv4ghilw7DUfikItfIPA%3D%3D&trackingId=kpSiUnjoA1KAhl%2BaEVITXA%3D%3D&position=24&pageNum=1&trk=public_jobs_jserp-result_search-card
|2021-10-31|Deloitte|Cyber Security BISO Analyst|Nashville, TN|error|['error']|https://www.linkedin.com/jobs/view/cyber-security-biso-analyst-at-deloitte-2813231579?refId=Kqjv4ghilw7DUfikItfIPA%3D%3D&trackingId=RAZDMVp6ub9Nx5NmlAhs6w%3D%3D&position=25&pageNum=1&trk=public_jobs_jserp-result_search-card
|2021-11-05|PwC|Vulnerability Management Associate (Remote)|Nashville, TN|error|['error']|https://www.linkedin.com/jobs/view/vulnerability-management-associate-remote-at-pwc-2806606821?refId=wWa7iF%2FIIL5kDXu%2F7D4k4w%3D%3D&trackingId=3Gw%2FG08lO6V6ODkqya9cjg%3D%3D&position=1&pageNum=2&trk=public_jobs_jserp-result_search-card
|2021-11-04|Addison Group|Information Security Engineer|Nashville Metropolitan Area |error|['error']|https://www.linkedin.com/jobs/view/information-security-engineer-at-addison-group-2779812621?refId=wWa7iF%2FIIL5kDXu%2F7D4k4w%3D%3D&trackingId=PV2kbSXCNArZHJsLcsAPvA%3D%3D&position=2&pageNum=2&trk=public_jobs_jserp-result_search-card
|2021-11-11|HCA Healthcare|Incident Response Tech|Nashville, TN|error|['error']|https://www.linkedin.com/jobs/view/incident-response-tech-at-hca-healthcare-2794092334?refId=wWa7iF%2FIIL5kDXu%2F7D4k4w%3D%3D&trackingId=n6PUtdX0CopW8qk6gLRfkg%3D%3D&position=3&pageNum=2&trk=public_jobs_jserp-result_search-card
|2021-10-29|StaffSource|Cyber Security Engineer|Nashville, TN|error|['error']|https://www.linkedin.com/jobs/view/cyber-security-engineer-at-staffsource-2798867675?refId=wWa7iF%2FIIL5kDXu%2F7D4k4w%3D%3D&trackingId=NVXaLQeGN21ensrrG95rHA%3D%3D&position=4&pageNum=2&trk=public_jobs_jserp-result_search-card
|2021-11-17|LBMC|External Cyber Risk Consultant (Multiple Roles Available)|Nashville, TN |error|['error']|https://www.linkedin.com/jobs/view/external-cyber-risk-consultant-multiple-roles-available-at-lbmc-2799588034?refId=wWa7iF%2FIIL5kDXu%2F7D4k4w%3D%3D&trackingId=5zMcfRQmI3qXlD7%2FAbg4CA%3D%3D&position=5&pageNum=2&trk=public_jobs_jserp-result_search-card
|2021-10-31|Deloitte|Cyber Security BISO Analyst|Nashville, TN|error|['error']|https://www.linkedin.com/jobs/view/cyber-security-biso-analyst-at-deloitte-2813233648?refId=wWa7iF%2FIIL5kDXu%2F7D4k4w%3D%3D&trackingId=SAcdHArWZUXp0V2td1Eoig%3D%3D&position=6&pageNum=2&trk=public_jobs_jserp-result_search-card
|2021-11-16|Delek US Holdings, Inc.|Cybersecurity GRC Analyst|Brentwood, TN|error|['error']|https://www.linkedin.com/jobs/view/cybersecurity-grc-analyst-at-delek-us-holdings-inc-2794670183?refId=wWa7iF%2FIIL5kDXu%2F7D4k4w%3D%3D&trackingId=9XfhOcqzlvVB8fO5IA79kw%3D%3D&position=7&pageNum=2&trk=public_jobs_jserp-result_search-card
|2021-10-31|Thorndale Partners|Cyber Security Engineer|La Vergne, TN|error|['error']|https://www.linkedin.com/jobs/view/cyber-security-engineer-at-thorndale-partners-2780171383?refId=wWa7iF%2FIIL5kDXu%2F7D4k4w%3D%3D&trackingId=8RFF41PMU4OYDkQoi%2B1mig%3D%3D&position=8&pageNum=2&trk=public_jobs_jserp-result_search-card
|2021-10-28|VMware|Threat Analyst II - Opportunity for Working Remotely|Nashville, TN|error|['error']|https://www.linkedin.com/jobs/view/threat-analyst-ii-opportunity-for-working-remotely-at-vmware-2802782691?refId=wWa7iF%2FIIL5kDXu%2F7D4k4w%3D%3D&trackingId=cHsMehsNVylLWjmCAbrNUA%3D%3D&position=9&pageNum=2&trk=public_jobs_jserp-result_search-card
|2021-11-19|Rose International|Computer Support Associate I|Nashville, TN|error|['error']|https://www.linkedin.com/jobs/view/computer-support-associate-i-at-rose-international-2805757500?refId=wWa7iF%2FIIL5kDXu%2F7D4k4w%3D%3D&trackingId=4ugBP4QefKGza9HGn%2FR%2Fzg%3D%3D&position=10&pageNum=2&trk=public_jobs_jserp-result_search-card
|2021-10-31|Deloitte|Cyber Security BISO Analyst|Hermitage, TN|error|['error']|https://www.linkedin.com/jobs/view/cyber-security-biso-analyst-at-deloitte-2813232515?refId=wWa7iF%2FIIL5kDXu%2F7D4k4w%3D%3D&trackingId=16S1SpjW3DgypV6aXmtxzw%3D%3D&position=11&pageNum=2&trk=public_jobs_jserp-result_search-card
|2021-10-31|Deloitte|Cyber Security BISO Analyst|Hermitage, TN|error|['error']|https://www.linkedin.com/jobs/view/cyber-security-biso-analyst-at-deloitte-2813239041?refId=wWa7iF%2FIIL5kDXu%2F7D4k4w%3D%3D&trackingId=Ay3d6OkAPZXZDgDXf6u2QA%3D%3D&position=12&pageNum=2&trk=public_jobs_jserp-result_search-card
|2021-11-10|IDR, Inc.|Network Security Admin|Nashville, TN|error|['error']|https://www.linkedin.com/jobs/view/network-security-admin-at-idr-inc-2794347438?refId=wWa7iF%2FIIL5kDXu%2F7D4k4w%3D%3D&trackingId=ALD7BG3CoKkfn1emQRO83Q%3D%3D&position=13&pageNum=2&trk=public_jobs_jserp-result_search-card
|2021-11-09|PwC|Insider Threat Response Analyst|Nashville, TN|error|['error']|https://www.linkedin.com/jobs/view/insider-threat-response-analyst-at-pwc-2787852030?refId=wWa7iF%2FIIL5kDXu%2F7D4k4w%3D%3D&trackingId=5ytNinx6VtIrOieaCh8Jzw%3D%3D&position=14&pageNum=2&trk=public_jobs_jserp-result_search-card
|2021-10-13|Promises Behavioral Health|Help Desk & IT Support Specialist|Brentwood, TN|error|['error']|https://www.linkedin.com/jobs/view/help-desk-it-support-specialist-at-promises-behavioral-health-2768197226?refId=wWa7iF%2FIIL5kDXu%2F7D4k4w%3D%3D&trackingId=uel72Y%2Bj7%2FaTxP58XCihIw%3D%3D&position=15&pageNum=2&trk=public_jobs_jserp-result_search-card
|2021-10-19|Elements Behavioral Health|Help Desk & IT Support Specialist|Brentwood, TN|error|['error']|https://www.linkedin.com/jobs/view/help-desk-it-support-specialist-at-elements-behavioral-health-2796840010?refId=wWa7iF%2FIIL5kDXu%2F7D4k4w%3D%3D&trackingId=QxdFDOsWV2PJn%2FjdI5VYPw%3D%3D&position=16&pageNum=2&trk=public_jobs_jserp-result_search-card
|2021-10-30|Community Health Systems|IS Security Engineer- Incident Response|Franklin, TN|error|['error']|https://www.linkedin.com/jobs/view/is-security-engineer-incident-response-at-community-health-systems-2779637160?refId=wWa7iF%2FIIL5kDXu%2F7D4k4w%3D%3D&trackingId=IUCUMjaegzZm621YqfzhFw%3D%3D&position=17&pageNum=2&trk=public_jobs_jserp-result_search-card
|2021-10-17|Deloitte|Deloitte Technology Summer Intern|Hermitage, TN|error|['error']|https://www.linkedin.com/jobs/view/deloitte-technology-summer-intern-at-deloitte-2794096414?refId=wWa7iF%2FIIL5kDXu%2F7D4k4w%3D%3D&trackingId=vZfjdN2GqMhOGH7pdS22RQ%3D%3D&position=18&pageNum=2&trk=public_jobs_jserp-result_search-card
|2021-11-17|Dropbox|Infrastructure Security Engineer - Location Flexible|Nashville, TN|error|['error']|https://www.linkedin.com/jobs/view/infrastructure-security-engineer-location-flexible-at-dropbox-2812357040?refId=wWa7iF%2FIIL5kDXu%2F7D4k4w%3D%3D&trackingId=6ZO%2BxatnELlcwC40g0I0QA%3D%3D&position=19&pageNum=2&trk=public_jobs_jserp-result_search-card
|2021-11-09|PwC|Insider Threat Response Analyst|Nashville, TN|error|['error']|https://www.linkedin.com/jobs/view/insider-threat-response-analyst-at-pwc-2787843806?refId=wWa7iF%2FIIL5kDXu%2F7D4k4w%3D%3D&trackingId=EIly9TtghP0lnkxGej4RnQ%3D%3D&position=20&pageNum=2&trk=public_jobs_jserp-result_search-card
|2021-11-11|HCA Healthcare|Incident Response Tech|Nashville, TN|error|['error']|https://www.linkedin.com/jobs/view/incident-response-tech-at-hca-healthcare-2794090968?refId=wWa7iF%2FIIL5kDXu%2F7D4k4w%3D%3D&trackingId=jsIh6WKJEfHVmkEHqD948Q%3D%3D&position=21&pageNum=2&trk=public_jobs_jserp-result_search-card
|2021-10-18|Dice|Cyber Security Analyst|Nashville, TN|error|['error']|https://www.linkedin.com/jobs/view/cyber-security-analyst-at-dice-2794814674?refId=wWa7iF%2FIIL5kDXu%2F7D4k4w%3D%3D&trackingId=D%2FNn1UX19IsG%2Bv17gXTm3Q%3D%3D&position=22&pageNum=2&trk=public_jobs_jserp-result_search-card
|2021-11-24|Ingram Content Group|REF2756S Intermediate Cyber Security Engineer|La Vergne, TN|error|['error']|https://www.linkedin.com/jobs/view/ref2756s-intermediate-cyber-security-engineer-at-ingram-content-group-2807533455?refId=wWa7iF%2FIIL5kDXu%2F7D4k4w%3D%3D&trackingId=BEuLk%2B%2BtmjM0BZHvuJ0F0Q%3D%3D&position=23&pageNum=2&trk=public_jobs_jserp-result_search-card
|2021-10-29|ASCAP|Senior Cyber Security Analyst (Nashville)|Nashville, TN|error|['error']|https://www.linkedin.com/jobs/view/senior-cyber-security-analyst-nashville-at-ascap-2802909478?refId=wWa7iF%2FIIL5kDXu%2F7D4k4w%3D%3D&trackingId=mtLRgBEIJurKtbuWyepK5Q%3D%3D&position=24&pageNum=2&trk=public_jobs_jserp-result_search-card
|2021-11-24|Ankura|Penetration Tester/Red Teamer, Data & Technology, Cybersecurity|Nashville, TN|error|['error']|https://www.linkedin.com/jobs/view/penetration-tester-red-teamer-data-technology-cybersecurity-at-ankura-2812265863?refId=wWa7iF%2FIIL5kDXu%2F7D4k4w%3D%3D&trackingId=%2Bi3Gv44l5rqUpM5CzhwY5A%3D%3D&position=25&pageNum=2&trk=public_jobs_jserp-result_search-card
